fold,accuracy
1,0.9921996879875195
2,0.9890795631825273
3,0.9953125
4,0.990625
5,0.99375
